Host Id,Host Since,mes,anio,Name,Neighbourhood,Property Type,Review Scores Rating (bin),Room Type,Zipcode,Beds,Number of Records,Number Of Reviews,Price,Review Scores Rating,AA,AB,AC,AD,AE,AF,AG,cant
5162530,,,,1 Bedroom in Prime Williamsburg,Brooklyn,Apartment,,Entire home/apt,11249,1,1,0,145,,,,,,,,,1
33134899,,,,Sunny, Private room in Bushwick,Brooklyn,Apartment,,Private room,11206,1,1,1,37,,,,,,,,1
39608626,,,,Sunny Room in Harlem,Manhattan,Apartment,,Private room,10032,1,1,1,28,,,,,,,,,1
500,26/06/2008,6,2008,Gorgeous 1 BR with Private Balcony,Manhattan,Apartment,,Entire home/apt,10024,3,1,0,199,,,,,,,,,1
500,26/06/2008,6,2008,Trendy Times Square Loft,Manhattan,Apartment,95,Private room,10036,3,1,39,549,96,,,,,,,,1
1039,25/07/2008,7,2008,Big Greenpoint 1BD w/ Skyline View,Brooklyn,Apartment,100,Entire home/apt,11222,1,1,4,149,100,,,,,,,,1
1783,12/08/2008,8,2008,Amazing Also,Manhattan,Apartment,100,Entire home/apt,10004,1,1,9,250,100,,,,,,,,1
2078,15/08/2008,8,2008,Colorful, quiet, & near the subway!,Brooklyn,Apartment,90,Private room,11201,1,1,80,90,94,,,,,,1
2339,20/08/2008,8,2008,East Village Cocoon: 2 Bedroom Flat,Manhattan,Apartment,90,Entire home/apt,10009,2,1,95,270,90,,,,,,,,1
2339,20/08/2008,8,2008,Lovely 2 Bedroom East Village Nest,Manhattan,Apartment,95,Entire home/apt,10009,2,1,23,290,96,,,,,,,,1
2571,27/08/2008,8,2008,THE PUTNAM,Brooklyn,Apartment,95,Entire home/apt,11221,2,1,14,170,98,,,,,,,,1
2758,06/09/2008,9,2008,Stay at Chez Chic budget room #1,Manhattan,Apartment,90,Private room,10026,2,1,120,59,93,,,,,,,,1
2758,06/09/2008,9,2008,Stay at Chez Chic budget Room #2,Manhattan,Apartment,90,Private room,10026,2,1,81,49,91,,,,,,,,1
2787,07/09/2008,9,2008,Renovated and spacious townhome,Brooklyn,House,,Private room,11223,1,1,0,68,,,,,,,,,1
2845,09/09/2008,9,2008,Midtown Castle,Manhattan,Apartment,95,Entire home/apt,10018,1,1,17,285,97,,,,,,,,1
2881,10/09/2008,9,2008,Newly renovated historic brownstone,Brooklyn,Apartment,95,Private room,11216,1,1,32,75,95,,,,,,,,1
2965,14/09/2008,9,2008,Large Bedroom in 3-bedroom Apt.,Manhattan,Apartment,95,Private room,10025,1,1,52,145,99,,,,,,,,1
3211,25/09/2008,9,2008,Elegant NYC, 10mins to Manhattan!,Queens,Apartment,90,Private room,11106,1,1,3,100,93,,,,,,,1
3227,26/09/2008,9,2008,Priv Apt,Garden,BBQ,A/C,BigTV,for 4,Manhattan,Apartment,85,Entire home/apt,10001,3,1,171,150,85,,,1
3226,26/09/2008,9,2008,Great 3 Bed Apt Tribeca / Soho,Manhattan,Apartment,,Entire home/apt,10013,3,1,0,700,,,,,,,,,1
3226,26/09/2008,9,2008,Huge Room Soho LOFT off WBroadway,Manhattan,Apartment,85,Private room,10013,1,1,9,125,86,,,,,,,,1
3226,26/09/2008,9,2008,Master Room Soho LOFT off WBroadway,Manhattan,Apartment,,Private room,10013,1,1,0,175,,,,,,,,,1
3415,02/10/2008,10,2008,Beautiful Furnished Master Bedroom,Queens,House,,Private room,11365,1,1,0,90,,,,,,,,,1
3563,10/10/2008,10,2008,16' x 11' Furnished BR with Balcony,Brooklyn,Apartment,100,Private room,11220,1,1,1,40,100,,,,,,,,1
3647,14/10/2008,10,2008,Conveniently Queens with Two Rooms,Queens,Apartment,90,Entire home/apt,11373,1,1,4,89,93,,,,,,,,1
3647,14/10/2008,10,2008,Quality Cozy Studio Next to Subway,Queens,Apartment,90,Entire home/apt,11373,1,1,16,95,94,,,,,,,,1
3647,14/10/2008,10,2008,Queens Quality Convenient Apartment,Queens,Apartment,100,Entire home/apt,11373,2,1,9,99,100,,,,,,,,1
3867,29/10/2008,10,2008,1 Bedroom Apartment in Chinatown!,Manhattan,Apartment,90,Entire home/apt,10002,1,1,19,149,93,,,,,,,,1
3867,29/10/2008,10,2008,3 bedroom apartment in Chinatown!,Manhattan,Apartment,80,Entire home/apt,10038,4,1,2,499,80,,,,,,,,1
3867,29/10/2008,10,2008,Private bedroom in spacious loft!,Manhattan,Apartment,,Private room,10038,4,1,0,99,,,,,,,,,1
3867,29/10/2008,10,2008,Share a bedroom in a huge Apartment,Manhattan,Apartment,,Shared room,10038,1,1,0,99,,,,,,,,,1
3867,29/10/2008,10,2008,Share a bedroom in a huge Apartment,Manhattan,Apartment,,Shared room,10038,1,1,0,99,,,,,,,,,1
4177,09/11/2008,11,2008,++ Brooklyn Penthouse Guestroom ++,Brooklyn,Apartment,90,Private room,11206,1,1,16,125,94,,,,,,,,1
4267,12/11/2008,11,2008,Robin's Nest on the fabulous UWS,Manhattan,Apartment,85,Entire home/apt,10024,2,1,28,170,88,,,,,,,,1
4267,12/11/2008,11,2008,Airy Room on the fabulous UWS,Manhattan,Apartment,90,Private room,10024,1,1,62,120,92,,,,,,,,1
4396,19/11/2008,11,2008,Large Room, Amazing E. Village Apt,Manhattan,Apartment,85,Private room,10009,1,1,23,79,89,,,,,,,1
4488,21/11/2008,11,2008,Sunny & Bright Harlem Home,Manhattan,Apartment,95,Entire home/apt,10027,3,1,6,125,97,,,,,,,,1
4732,01/12/2008,12,2008,A home in the heart of Park Slope,Brooklyn,Apartment,90,Entire home/apt,11217,1,1,5,110,92,,,,,,,,1
4869,07/12/2008,12,2008,Whole B'stone flr w priv kit & bat,Brooklyn,Other,85,Private room,11238,3,1,14,89,85,,,,,,,,1
5871,31/12/2008,12,2008,Bergen's Best Short Stay 2!,Brooklyn,Apartment,90,Entire home/apt,11213,3,1,12,180,93,,,,,,,,1
5871,31/12/2008,12,2008,Bergen's Best!,Brooklyn,Apartment,95,Entire home/apt,11213,3,1,5,180,95,,,,,,,,1
5926,02/01/2009,1,2009,Charming Central Park Hideaway,Manhattan,Apartment,80,Entire home/apt,10026,1,1,23,143,82,,,,,,,,1
5926,02/01/2009,1,2009,NYC 2-Bed Apt Mins to Times Square,Manhattan,Apartment,85,Entire home/apt,10027,2,1,28,230,89,,,,,,,,1
5926,02/01/2009,1,2009,Beautiful Apt with Park Views,Manhattan,Apartment,85,Entire home/apt,10030,5,1,40,350,86,,,,,,,,1
5940,02/01/2009,1,2009,Comfy 2BR Apt 20 mins to Midtown,Queens,Apartment,85,Entire home/apt,11368,2,1,47,135,86,,,,,,,,1
5926,02/01/2009,1,2009,Beautiful Room 1 with Park Views,Manhattan,Apartment,85,Private room,10027,1,1,9,85,87,,,,,,,,1
5926,02/01/2009,1,2009,Beautiful Room 2 with Park Views,Manhattan,Apartment,90,Private room,10027,1,1,13,85,91,,,,,,,,1
5926,02/01/2009,1,2009,Beautiful Room 3 with Park Views,Manhattan,Apartment,90,Private room,10027,1,1,14,85,92,,,,,,,,1
5926,02/01/2009,1,2009,Nice Apt Near Columbia University 2,Manhattan,Apartment,80,Private room,10031,1,1,35,60,81,,,,,,,,1
5926,02/01/2009,1,2009,Nice Apt Near Columbia University 3,Manhattan,Apartment,80,Private room,10031,2,1,34,70,82,,,,,,,,1
5926,02/01/2009,1,2009,Nice  Apt Near Columbia University,Manhattan,Bed & Breakfast,85,Private room,10031,1,1,68,55,86,,,,,,,,1
6041,05/01/2009,1,2009,Beautiful Apt. In Astoria,Queens,Apartment,100,Private room,11105,1,1,4,44,100,,,,,,,,1
7118,26/01/2009,1,2009,PERFECT location! Contact me NOW!,Manhattan,Apartment,85,Entire home/apt,10036,1,1,14,200,87,,,,,,,,1
7222,29/01/2009,1,2009,SPACIOUS ARTY 1BR NOHO / E. VILLAGE,Manhattan,Apartment,95,Entire home/apt,10003,2,1,42,175,95,,,,,,,,1
7209,29/01/2009,1,2009,Next to Empire State building,Manhattan,Apartment,100,Entire home/apt,10016,1,1,9,250,100,,,,,,,,1
7230,30/01/2009,1,2009,Luxury Building, big 1BR - 90th,Manhattan,Apartment,95,Entire home/apt,10128,2,1,7,165,96,,,,,,,1
7323,02/02/2009,2,2009,CHEZ LEO Clinton Hill Ft. Greene,Brooklyn,Apartment,85,Entire home/apt,11238,1,1,13,115,88,,,,,,,,1
7299,02/02/2009,2,2009,Downtown calm, convenience & space,Manhattan,Apartment,95,Entire home/apt,10005,1,1,16,145,95,,,,,,,1
7322,02/02/2009,2,2009,Large & Cozy Midtown East 1 BR Apt,Manhattan,Apartment,85,Entire home/apt,10016,1,1,47,200,86,,,,,,,,1
7351,02/02/2009,2,2009,2 Floor Loft room in Artist Studio,Brooklyn,Loft,80,Private room,11215,2,1,3,74,80,,,,,,,,1
7351,02/02/2009,2,2009,Spacious Loft Room in Artist Studio,Brooklyn,Loft,,Private room,11215,2,1,0,74,,,,,,,,,1
7351,02/02/2009,2,2009,Spacious room in Huge artist Loft,Brooklyn,Loft,100,Private room,11215,1,1,2,84,100,,,,,,,,1
7338,02/02/2009,2,2009,East Vil  1br in 2br apt + balcony,Manhattan,Apartment,100,Private room,10009,,1,3,125,100,,,,,,,,1
7386,03/02/2009,2,2009,Quiet Slice of Manhattan,Manhattan,Apartment,90,Entire home/apt,10016,1,1,42,129,92,,,,,,,,1
7356,03/02/2009,2,2009,BlissArtsSpace!,Brooklyn,Apartment,90,Private room,11216,1,1,41,50,90,,,,,,,,1
7356,03/02/2009,2,2009,Private Bliss Art Space 2,Brooklyn,Apartment,90,Private room,11216,1,1,52,50,93,,,,,,,,1
7414,04/02/2009,2,2009,Historic Fort Greene - Red Rooster,Brooklyn,Apartment,80,Entire home/apt,11217,3,1,15,185,82,,,,,,,,1
7414,04/02/2009,2,2009,Historic Fort Greene-Deco on Greene,Brooklyn,Apartment,85,Entire home/apt,11217,3,1,21,185,85,,,,,,,,1
7414,04/02/2009,2,2009,Skylight on Greene,Brooklyn,Apartment,75,Entire home/apt,11217,3,1,6,150,76,,,,,,,,1
7498,06/02/2009,2,2009,Your own studio+patio no roommates,Manhattan,Apartment,80,Entire home/apt,10002,1,1,1,80,80,,,,,,,,1
7510,06/02/2009,2,2009,Big Lovely Chelsea Studio! Sleeps 5,Manhattan,Apartment,85,Entire home/apt,10010,1,1,8,190,89,,,,,,,,1
7510,06/02/2009,2,2009,Grande Super Large APT !!!,Manhattan,Apartment,80,Entire home/apt,10010,3,1,10,190,80,,,,,,,,1
7510,06/02/2009,2,2009,Great Apartment with PATIO!!,Manhattan,Apartment,80,Entire home/apt,10010,2,1,1,190,80,,,,,,,,1
7510,06/02/2009,2,2009,Super Large APT,Manhattan,Apartment,80,Entire home/apt,10010,2,1,29,175,80,,,,,,,,1
7510,06/02/2009,2,2009,HUGE and SUNNY one bedroom!,Manhattan,Apartment,90,Entire home/apt,10011,2,1,29,190,93,,,,,,,,1
7549,07/02/2009,2,2009,Cute & Cozy Lower East Side 1 bdrm,Manhattan,Apartment,90,Entire home/apt,10002,1,1,112,140,94,,,,,,,,1
7549,07/02/2009,2,2009,Cute,Cozy Lower East Side 1bdrm,Manhattan,Apartment,95,Entire home/apt,10002,1,1,4,140,95,,,,,,,1
7549,07/02/2009,2,2009,LowerEastSide apt share shortterm 2,Manhattan,Apartment,95,Private room,10002,1,1,25,75,97,,,,,,,,1
7549,07/02/2009,2,2009,LowerEastSide apt share shortterm 1,Manhattan,Apartment,95,Shared room,10002,1,1,132,45,95,,,,,,,,1
7549,07/02/2009,2,2009,LowerEastSide apt share shortterm 3,Manhattan,Apartment,95,Shared room,10002,1,1,17,45,95,,,,,,,,1
7611,09/02/2009,2,2009,Artist's Loft with indoor Hammock!,Brooklyn,Apartment,95,Entire home/apt,11211,1,1,51,135,95,,,,,,,,1
7626,09/02/2009,2,2009,L.E.S. Must See!!,Manhattan,Apartment,85,Entire home/apt,10002,1,1,156,100,86,,,,,,,,1
7612,09/02/2009,2,2009,Cute Cozy Studio in Manhattan,Manhattan,Apartment,90,Entire home/apt,10023,1,1,29,145,91,,,,,,,,1
7702,10/02/2009,2,2009,Beautiful 1br on Upper West Side,Manhattan,Apartment,90,Entire home/apt,10025,1,1,30,135,94,,,,,,,,1
7740,11/02/2009,2,2009,Cozy Girly Studio, Upper West Side,Manhattan,Apartment,90,Entire home/apt,10024,1,1,98,200,94,,,,,,,1
7949,15/02/2009,2,2009,Creative Charm in Brooklyn,Brooklyn,Apartment,100,Private room,11238,1,1,4,65,100,,,,,,,,1
7999,16/02/2009,2,2009,Sunny Large 1 Bedroom w/ balconies!,Brooklyn,Apartment,100,Entire home/apt,11222,1,1,1,165,100,,,,,,,,1
7987,16/02/2009,2,2009,Upper West Side-Unique One Bedroom,Manhattan,Apartment,90,Entire home/apt,10025,1,1,24,145,94,,,,,,,,1
7989,16/02/2009,2,2009,Central Manhattan/near Broadway,Manhattan,Apartment,95,Private room,10036,1,1,74,135,97,,,,,,,,1
8057,17/02/2009,2,2009,GREAT NEW LOWER EAST SIDE/ SOHO APT,Manhattan,Apartment,85,Entire home/apt,10002,2,1,20,225,89,,,,,,,,1
8057,17/02/2009,2,2009,HUGE 2 BEDROOM LOFT NOHO/EAST VILL.,Manhattan,Apartment,75,Entire home/apt,10003,3,1,32,250,78,,,,,,,,1
8057,17/02/2009,2,2009,Ideal Charming Large W Village Apt!,Manhattan,Apartment,85,Entire home/apt,10014,3,1,32,250,85,,,,,,,,1
8057,17/02/2009,2,2009,HUGE MODERN LUXURY-2bed/2bath+patio,Manhattan,Loft,100,Entire home/apt,10009,2,1,5,600,100,,,,,,,,1
8178,19/02/2009,2,2009,Location! Location! Location!,Brooklyn,Apartment,90,Entire home/apt,11215,1,1,188,145,90,,,,,,,,1
8178,19/02/2009,2,2009,Sunny Beautiful Sublet All Yours!!!,Brooklyn,Apartment,90,Entire home/apt,11215,3,1,221,149,92,,,,,,,,1
8198,19/02/2009,2,2009,Park Slope haven 15 mins from Soho,Brooklyn,Apartment,90,Entire home/apt,11217,1,1,39,150,93,,,,,,,,1
8380,22/02/2009,2,2009,River view in the Village,Manhattan,Apartment,95,Entire home/apt,10014,1,1,57,200,98,,,,,,,,1
8440,23/02/2009,2,2009,Beautiful studio by Prospect Park,Brooklyn,Apartment,,Entire home/apt,11218,1,1,0,120,,,,,,,,,1
8440,23/02/2009,2,2009,Luxe 1BD apartment by Prospect Park,Brooklyn,Apartment,95,Entire home/apt,11218,1,1,4,150,95,,,,,,,,1
8425,23/02/2009,2,2009,Charming W.Village Apt. 8/25-9/15,Manhattan,Apartment,100,Entire home/apt,10014,1,1,1,175,100,,,,,,,,1
8605,25/02/2009,2,2009,Sunny 1BR East Harlem Apartment,Manhattan,Apartment,90,Entire home/apt,10035,2,1,11,109,91,,,,,,,,1
8730,27/02/2009,2,2009,Comfort & Convenience,Manhattan,Condominium,100,Entire home/apt,10003,6,1,4,1.990,100,,,,,,,,1
8703,27/02/2009,2,2009,Clean, Safe, Convenient, Comfy,Manhattan,Apartment,100,Shared room,10027,1,1,3,80,100,,,,,1
8967,03/03/2009,3,2009,Large Furnished Room Near B'way,Manhattan,Apartment,85,Private room,10019,1,1,242,73,85,,,,,,,,1
9744,10/03/2009,3,2009,Beautiful Apt, Garden #3 Best Area,Brooklyn,Apartment,95,Entire home/apt,11215,3,1,67,135,97,,,,,,,1
9744,10/03/2009,3,2009,Gorgeous house Room 2 BEST location,Brooklyn,House,95,Private room,11215,2,1,95,89,96,,,,,,,,1
9744,10/03/2009,3,2009,Gorgeous Room #1, Best Location,Brooklyn,House,90,Private room,11215,2,1,118,89,92,,,,,,,1
10176,14/03/2009,3,2009,Amazing Apt in WILLIAMSBURG, NY!!,Brooklyn,Apartment,95,Entire home/apt,11211,2,1,60,250,96,,,,,,,1
10151,14/03/2009,3,2009,Cozy Convenient Apt for Travelers,Queens,Apartment,,Entire home/apt,11358,1,1,0,99,,,,,,,,,1
10889,21/03/2009,3,2009,BnoB (2 br) — Heart of Williamsburg,Brooklyn,Apartment,90,Entire home/apt,11249,2,1,132,250,93,,,,,,,,1
10889,21/03/2009,3,2009,The Institute—Heart of Williamsburg,Brooklyn,Apartment,90,Entire home/apt,11249,2,1,136,250,94,,,,,,,,1
10889,21/03/2009,3,2009,Great house in Williamsburg,Brooklyn,House,95,Entire home/apt,11211,2,1,14,250,98,,,,,,,,1
11037,22/03/2009,3,2009,Large, Sunny, Central 2br, Terrace,Brooklyn,Apartment,100,Entire home/apt,11217,2,1,2,240,100,,,,,1
11358,25/03/2009,3,2009,Bright Clean Spacious 1BR,Brooklyn,Apartment,,Entire home/apt,11213,1,1,0,115,,,,,,,,,1
11358,25/03/2009,3,2009,Bright Clean Room in Bushwick,Brooklyn,Apartment,,Private room,11237,1,1,0,72,,,,,,,,,1
11481,26/03/2009,3,2009,House on 11th - Garden Level Apt.,Brooklyn,Apartment,90,Entire home/apt,11215,1,1,119,165,91,,,,,,,,1
11481,26/03/2009,3,2009,Sunset Retreat - Charming Oasis,Brooklyn,Apartment,90,Entire home/apt,11220,1,1,79,90,90,,,,,,,,1
11481,26/03/2009,3,2009,Sunset Retreat - Top Floor Oasis,Brooklyn,Apartment,85,Entire home/apt,11220,1,1,21,105,88,,,,,,,,1
11481,26/03/2009,3,2009,House on Henry (2nd FLR Suite),Brooklyn,Apartment,85,Entire home/apt,11231,2,1,68,155,88,,,,,,,,1
11481,26/03/2009,3,2009,House on Henry (3rd FLR Suite),Brooklyn,Apartment,90,Entire home/apt,11231,2,1,106,160,94,,,,,,,,1
11810,30/03/2009,3,2009,NYC Historic District Posh Studio,Queens,Apartment,,Private room,11372,1,1,0,150,,,,,,,,,1
12169,03/04/2009,4,2009,Dream Come True, Too! Williamsburg,Brooklyn,Apartment,90,Private room,11211,1,1,43,89,94,,,,,,,1
12169,03/04/2009,4,2009,Dream Come True! Williamsburg, BK,Brooklyn,Apartment,90,Private room,11211,1,1,91,99,93,,,,,,,1
12221,04/04/2009,4,2009,5Minutes To Manhattan Cozy Oasis,Bronx,Apartment,80,Private room,10451,3,1,105,42,81,,,,,,,,1
12221,04/04/2009,4,2009,5Minutes To Manhattan Zen&Cozy,Bronx,Apartment,85,Private room,10451,3,1,96,42,87,,,,,,,,1
12220,04/04/2009,4,2009,Big Room in front of Central Park,Manhattan,Apartment,85,Private room,10025,1,1,74,132,88,,,,,,,,1
12220,04/04/2009,4,2009,Your Room in front of Central Park,Manhattan,Apartment,90,Private room,10025,1,1,141,117,90,,,,,,,,1
12712,08/04/2009,4,2009,Lovely Bklyn Apt with Private Deck,Brooklyn,Apartment,90,Entire home/apt,11205,1,1,5,135,92,,,,,,,,1
12712,08/04/2009,4,2009,Perfectly Situated LES 1-Bedroom,Manhattan,Apartment,90,Entire home/apt,10002,1,1,146,125,91,,,,,,,,1
12712,08/04/2009,4,2009,Real 2-Bedroom East Village Apt!,Manhattan,Apartment,85,Entire home/apt,10009,3,1,63,200,87,,,,,,,,1
12869,10/04/2009,4,2009,Luxury on a Budget,Manhattan,Apartment,90,Entire home/apt,10009,1,1,13,250,92,,,,,,,,1
13070,12/04/2009,4,2009,Spacious clean & quiet 2 bed/2bath,Manhattan,Bed & Breakfast,80,Entire home/apt,10128,2,1,58,295,83,,,,,,,,1
13424,14/04/2009,4,2009,An Oasis In Hell's Kitchen!,Manhattan,Apartment,100,Entire home/apt,10019,1,1,7,280,100,,,,,,,,1
13654,16/04/2009,4,2009,Room with a view in Central Harlem,Manhattan,Apartment,85,Private room,,1,1,11,75,85,,,,,,,,1
13908,18/04/2009,4,2009,2 BR Upper West Side Apt.,Manhattan,Apartment,65,Entire home/apt,10025,3,1,12,150,66,,,,,,,,1
14063,19/04/2009,4,2009,BK Heights Apartment for cat lovers,Brooklyn,Apartment,100,Entire home/apt,11201,3,1,4,125,100,,,,,,,,1
14204,20/04/2009,4,2009,Charming 2 Bedroom Red Hook Loft!,Brooklyn,Apartment,100,Entire home/apt,11231,2,1,18,230,100,,,,,,,,1
14204,20/04/2009,4,2009,Private room in Red Hook loft!,Brooklyn,Apartment,95,Private room,11231,1,1,21,110,98,,,,,,,,1
15192,28/04/2009,4,2009,Cozy Furnished 2 Bedroom Apartment,Brooklyn,Apartment,80,Entire home/apt,11216,3,1,8,159,84,,,,,,,,1
15154,28/04/2009,4,2009,Bright 1 Bedroom, Perfect Location!,Manhattan,Apartment,80,Entire home/apt,10023,1,1,2,160,80,,,,,,,1
15167,28/04/2009,4,2009,2 Bed 2 Bath Apt w/ balcony & WiFi,Manhattan,Apartment,95,Entire home/apt,10031,3,1,13,107,98,,,,,,,,1
15261,29/04/2009,4,2009,Cute room in hip Fort Greene,Brooklyn,Apartment,80,Private room,11205,1,1,1,50,80,,,,,,,,1
15523,01/05/2009,5,2009,Enjoy and discover New York Citi,Staten Island,House,95,Private room,10304,,1,7,69,97,,,,,,,,1
15742,04/05/2009,5,2009,Beautiful, private, uptown studio,Manhattan,Apartment,80,Entire home/apt,10031,1,1,20,110,83,,,,,,1
15964,06/05/2009,5,2009,Large Brooklyn Duplex, Park Slope,Brooklyn,Apartment,,Entire home/apt,11215,3,1,0,175,,,,,,,,1
16851,12/05/2009,5,2009,Hip Whole Apt in Wmsburg, Brooklyn,Brooklyn,Apartment,90,Entire home/apt,11211,1,1,8,125,93,,,,,,,1
16800,12/05/2009,5,2009,UES Beautiful Blue Room / Oak Room,Manhattan,Apartment,95,Private room,10029,2,1,150,95,96,,,,,,,,1
16800,12/05/2009,5,2009,UES Beautiful Home Red Velvet Room,Manhattan,Apartment,95,Private room,10029,2,1,41,95,95,,,,,,,,1
16883,13/05/2009,5,2009,Spacious Charming Loft Studio,Manhattan,Loft,90,Entire home/apt,10024,2,1,4,135,91,,,,,,,,1
17296,15/05/2009,5,2009,Bright studio in central Mahattan,Manhattan,Apartment,95,Entire home/apt,10016,1,1,5,100,96,,,,,,,,1
17571,17/05/2009,5,2009,Perfect for Grandparents + Garden,Brooklyn,House,95,Entire home/apt,11205,2,1,80,200,95,,,,,,,,1
17571,17/05/2009,5,2009,Perfect for Parents (Part 2),Brooklyn,House,95,Private room,11205,1,1,32,239,97,,,,,,,,1
17655,18/05/2009,5,2009,Modern LES Studio w/ Skyline Views,Manhattan,Apartment,95,Entire home/apt,10002,1,1,17,220,97,,,,,,,,1
17930,19/05/2009,5,2009,Charming 2 Bedroom by Prospect Park,Brooklyn,Apartment,100,Entire home/apt,11218,3,1,1,199,100,,,,,,,,1
17798,19/05/2009,5,2009,EAST VILLAGE DESIGNER LUXURY LOFT,Manhattan,Apartment,100,Entire home/apt,10009,3,1,4,399,100,,,,,,,,1
17985,20/05/2009,5,2009,Amazing Chinatown/SOHO one bed room,Manhattan,Apartment,85,Entire home/apt,10002,2,1,38,130,86,,,,,,,,1
18118,20/05/2009,5,2009,Giant & beautiful home in the sky.,Manhattan,Apartment,,Private room,10031,1,1,0,70,,,,,,,,,1
18229,21/05/2009,5,2009,Charming & Sunny Slope Duplex Loft,Brooklyn,Loft,,Entire home/apt,11215,2,1,0,110,,,,,,,,,1
18174,21/05/2009,5,2009,Cosy 2 bedroom in East Village,Manhattan,Apartment,90,Entire home/apt,10003,3,1,55,160,92,,,,,,,,1
18374,22/05/2009,5,2009,Bright & Modern Downtown Studio,Manhattan,Apartment,95,Entire home/apt,10003,1,1,89,135,96,,,,,,,,1
18611,24/05/2009,5,2009,East Village sunny & large 2 bdr,Manhattan,Apartment,95,Entire home/apt,10003,2,1,5,350,96,,,,,,,,1
18642,24/05/2009,5,2009,1 BDR with private toilet/sink,Manhattan,Apartment,,Private room,10031,1,1,0,60,,,,,,,,,1
18729,25/05/2009,5,2009,SPACIOUS, BEAUTIFUL CONDO IN BKLYN!,Brooklyn,Condominium,95,Entire home/apt,11215,2,1,9,375,98,,,,,,,1
19031,27/05/2009,5,2009,Charming Greenwich Village Apt,Manhattan,Apartment,80,Entire home/apt,10012,1,1,14,225,81,,,,,,,,1
19852,02/06/2009,6,2009,Lg Beautiful Garden Apt Sleeps 2,Manhattan,Apartment,95,Entire home/apt,10035,1,1,8,165,97,,,,,,,,1
19969,03/06/2009,6,2009,SoHo Loft - Entire Floor,Manhattan,Apartment,95,Entire home/apt,10013,1,1,52,585,96,,,,,,,,1
20149,04/06/2009,6,2009,Cool East Williamsburg Apartment,Brooklyn,Apartment,95,Private room,11206,1,1,46,40,96,,,,,,,,1
20805,09/06/2009,6,2009,Huge Brooklyn Room with Aussie Host,Brooklyn,Apartment,100,Private room,11225,1,1,12,85,100,,,,,,,,1
21286,12/06/2009,6,2009,UWS Garden Getaway,Manhattan,Apartment,95,Entire home/apt,10024,2,1,9,225,97,,,,,,,,1
21306,12/06/2009,6,2009,Large, Bright 1 bdr in Williamsburg,Brooklyn,Apartment,95,Private room,11222,1,1,11,110,96,,,,,,,1
21475,14/06/2009,6,2009,High-end doorman bldg in the LES,Manhattan,Apartment,95,Private room,10002,1,1,55,125,96,,,,,,,,1
21823,16/06/2009,6,2009,Soaring Bushwick 3 Bedroom,Brooklyn,Apartment,95,Entire home/apt,11221,5,1,9,275,98,,,,,,,,1
21904,16/06/2009,6,2009,Modern 1 BR / NYC / EAST VILLAGE,Manhattan,Apartment,90,Entire home/apt,10003,1,1,8,240,93,,,,,,,,1
22220,18/06/2009,6,2009,Modern brick 1 bedroom on UES,Manhattan,Apartment,90,Entire home/apt,10028,1,1,17,175,91,,,,,,,,1
22486,20/06/2009,6,2009,CBG Williamsburg  loft room,Brooklyn,Loft,75,Entire home/apt,11211,4,1,6,130,76,,,,,,,,1
22486,20/06/2009,6,2009,CBG Partner Prospect Pk Helps Haiti,Brooklyn,Apartment,,Private room,11225,1,1,0,90,,,,,,,,,1
22486,20/06/2009,6,2009,CBG CtyBeGoodHelpsHaiti#1:1-4,Brooklyn,House,90,Private room,11217,10,1,77,130,91,,,,,,,,1
22486,20/06/2009,6,2009,CommunityBeGood Helps Haiti Rm #2,Brooklyn,House,85,Private room,11217,1,1,39,130,89,,,,,,,,1
22486,20/06/2009,6,2009,CommunityBeGood Helps Haiti Rm #3,Brooklyn,House,85,Private room,11217,2,1,13,130,86,,,,,,,,1
22486,20/06/2009,6,2009,CommunityBeGoodHelpsHaiti #5 Suite,Brooklyn,House,100,Private room,11217,2,1,3,130,100,,,,,,,,1
22486,20/06/2009,6,2009,CommunitybegoodHelpsHaiti#2.5,Brooklyn,House,90,Private room,11217,2,1,17,120,93,,,,,,,,1
23048,24/06/2009,6,2009,Park Slope Oasis: Your home base!,Brooklyn,Apartment,90,Entire home/apt,11215,1,1,18,139,94,,,,,,,,1
23276,25/06/2009,6,2009,Luxe, Spacious 2BR 2BA Nr Trains,Brooklyn,Apartment,100,Entire home/apt,11215,2,1,3,260,100,,,,,,,1
23193,25/06/2009,6,2009,Bright, cozy den in 4 bedrm duplex.,Brooklyn,House,100,Private room,11221,1,1,2,35,100,,,,,,,1
23435,26/06/2009,6,2009,Spectacular River View Studio,Manhattan,Apartment,95,Entire home/apt,10281,1,1,48,185,96,,,,,,,,1
23577,28/06/2009,6,2009,Williamsburg foodie inspired loft,Brooklyn,Loft,95,Entire home/apt,11249,1,1,16,175,99,,,,,,,,1
23727,29/06/2009,6,2009,Prospect Heights quiet sunny nest,Brooklyn,Apartment,95,Entire home/apt,11238,2,1,6,150,97,,,,,,,,1
23633,29/06/2009,6,2009,1,Brooklyn,Loft,,Private room,11206,1,1,0,120,,,,,,,,,1
23856,30/06/2009,6,2009,Large modern 2-BR by McCaren Park,Brooklyn,Apartment,100,Entire home/apt,11222,1,1,2,150,100,,,,,,,,1
23843,30/06/2009,6,2009,Lower East Side/EV 1 BR Charmer,Manhattan,Apartment,95,Entire home/apt,10002,1,1,15,175,96,,,,,,,,1
24000,01/07/2009,7,2009,sunny EAST VILLAGE bdrm!,Manhattan,Apartment,90,Private room,10009,1,1,80,133,91,,,,,,,,1
24222,02/07/2009,7,2009,3BR, 1.5 BA EV apt w/ backyard,Manhattan,Apartment,95,Entire home/apt,10009,4,1,9,375,96,,,,,,,1
24901,08/07/2009,7,2009,Beautiful Light Filled Abode,Brooklyn,Apartment,,Entire home/apt,11233,2,1,0,150,,,,,,,,,1
25183,10/07/2009,7,2009,MAISON DES SIRENES 3,Brooklyn,Apartment,90,Entire home/apt,11216,4,1,23,150,91,,,,,,,,1
25183,10/07/2009,7,2009,MAISON DES SIRENES1,book NOW,Brooklyn,Apartment,90,Entire home/apt,11216,4,1,36,150,92,,,,,,,1
25100,10/07/2009,7,2009,Room in UWS steps to Central Park!,Manhattan,Apartment,90,Private room,10025,1,1,4,180,90,,,,,,,,1
25533,13/07/2009,7,2009,NYC Sofa bed St Marks East Village,Manhattan,Apartment,80,Private room,10003,1,1,30,59,81,,,,,,,,1
25533,13/07/2009,7,2009,NYC Spacious Room East Village,Manhattan,Apartment,70,Private room,10003,1,1,14,99,72,,,,,,,,1
25533,13/07/2009,7,2009,NYC Spacious Room East Village (2),Manhattan,Apartment,90,Private room,10003,1,1,3,99,90,,,,,,,,1
25551,14/07/2009,7,2009,williamsburg design // with balcony,Brooklyn,Apartment,95,Entire home/apt,11211,1,1,20,199,97,,,,,,,,1
25632,14/07/2009,7,2009,Sunny 2BD, 2 balconies,Brooklyn,Apartment,100,Entire home/apt,11222,2,1,1,300,100,,,,,,,1
26210,19/07/2009,7,2009,Private room in Harlem apartment,Manhattan,Apartment,90,Private room,10039,1,1,69,85,94,,,,,,,,1
26333,20/07/2009,7,2009,Artist Loft in Midtown West,Manhattan,Apartment,95,Entire home/apt,10018,2,1,6,375,96,,,,,,,,1
26640,21/07/2009,7,2009,Gorgeous Sunny Studio,Manhattan,Apartment,75,Entire home/apt,10024,2,1,38,135,79,,,,,,,,1
26640,21/07/2009,7,2009,Stunning 1br in Historic Brownstone,Manhattan,Apartment,90,Entire home/apt,10024,2,1,26,289,91,,,,,,,,1
26640,21/07/2009,7,2009,Sunny Studios in Historic Browstone,Manhattan,Apartment,80,Entire home/apt,10024,1,1,9,179,80,,,,,,,,1
27104,23/07/2009,7,2009,Great Room in Manhattan - $60/Night,Manhattan,Apartment,90,Private room,10030,1,1,73,60,93,,,,,,,,1
27580,26/07/2009,7,2009,Sunny South Williamsurg,Brooklyn,Apartment,,Entire home/apt,11211,1,1,0,125,,,,,,,,,1
27969,27/07/2009,7,2009,Great room in spacious apartment!,Manhattan,Apartment,,Private room,10033,1,1,0,98,,,,,,,,,1
27848,27/07/2009,7,2009,Bargain Space,Queens,House,85,Private room,11434,2,1,24,55,88,,,,,,,,1
27848,27/07/2009,7,2009,CRASH PALACE,Queens,House,85,Private room,11434,2,1,11,68,86,,,,,,,,1
27848,27/07/2009,7,2009,ENJOY THE CITY ON CHEAP,Queens,House,75,Private room,11434,1,1,43,45,78,,,,,,,,1
27848,27/07/2009,7,2009,Excellent/Pvt Rm,Queens,House,85,Private room,11434,2,1,47,55,88,,,,,,,,1
27848,27/07/2009,7,2009,Great Deal/Pvt Rm,Queens,House,85,Private room,11434,2,1,58,55,88,,,,,,,,1
27848,27/07/2009,7,2009,Private Rm2/Shared Bath,Queens,House,90,Private room,11434,2,1,53,55,93,,,,,,,,1
27848,27/07/2009,7,2009,Right on Budget,Queens,House,85,Private room,11434,2,1,57,68,86,,,,,,,,1
28267,28/07/2009,7,2009,Cozy BK home with HUGE private yard,Brooklyn,Apartment,95,Entire home/apt,11249,3,1,23,195,95,,,,,,,,1
28217,28/07/2009,7,2009,Large sunny bedroom in Greenpoint,Brooklyn,Apartment,100,Private room,11222,1,1,2,55,100,,,,,,,,1
28738,30/07/2009,7,2009,Stunning 1 BR - Battery Park,Manhattan,Apartment,,Entire home/apt,10280,2,1,0,300,,,,,,,,,1
28702,30/07/2009,7,2009,Share Loft  in the heart of nyc,Manhattan,Loft,90,Private room,10018,1,1,2,120,90,,,,,,,,1
29096,01/08/2009,8,2009,Clean East Village Studio,Manhattan,Apartment,95,Entire home/apt,10009,1,1,165,135,95,,,,,,,,1
29642,04/08/2009,8,2009,Cute apartment LES/Nolita/Chinatown,Manhattan,Apartment,90,Entire home/apt,10002,2,1,4,190,90,,,,,,,,1
29642,04/08/2009,8,2009,Private room in cute central apt,Manhattan,Apartment,95,Private room,10002,1,1,9,95,96,,,,,,,,1
29805,05/08/2009,8,2009,Cool, quiet Park Slope apartment,Brooklyn,Apartment,100,Entire home/apt,11215,2,1,3,125,100,,,,,,,1
29762,05/08/2009,8,2009,NYC Special Occasions Room #1,Brooklyn,Apartment,80,Private room,11233,2,1,92,29,83,,,,,,,,1
29762,05/08/2009,8,2009,NYC Special Occasions Room #2,Brooklyn,Apartment,85,Private room,11233,1,1,79,27,89,,,,,,,,1
29762,05/08/2009,8,2009,NYC-Brooklyn #1 18 min to Manhattan,Brooklyn,Apartment,85,Private room,11233,1,1,87,39,87,,,,,,,,1
29762,05/08/2009,8,2009,NYC-Brooklyn #2 18 min to Manhattan,Brooklyn,Apartment,85,Private room,11233,1,1,92,39,88,,,,,,,,1
29762,05/08/2009,8,2009,NYC-Brooklyn #3 18 min to Manhattan,Brooklyn,Apartment,90,Private room,11233,1,1,98,39,90,,,,,,,,1
29762,05/08/2009,8,2009,NYC-Brooklyn #4 18 min to Manhattan,Brooklyn,Apartment,85,Private room,11233,1,1,81,39,89,,,,,,,,1
29762,05/08/2009,8,2009,NYC-Brooklyn #5 18 min to Manhattan,Brooklyn,Apartment,85,Private room,11233,1,1,108,35,85,,,,,,,,1
30193,06/08/2009,8,2009,Midtown Pied-a-terre,Manhattan,Apartment,90,Entire home/apt,10019,1,1,40,150,93,,,,,,,,1
30529,08/08/2009,8,2009,Private room w/ separate entrance!,Brooklyn,Apartment,100,Private room,11238,1,1,2,84,100,,,,,,,,1
30811,10/08/2009,8,2009,European Style apartment in NYC,Manhattan,Apartment,80,Entire home/apt,10025,1,1,1,115,80,,,,,,,,1
30990,11/08/2009,8,2009,Stay in the Meatpacking District!,Manhattan,Apartment,95,Entire home/apt,,1,1,109,249,95,,,,,,,,1
32045,16/08/2009,8,2009,Spacious 1 bedroom in luxe building,Manhattan,Apartment,95,Private room,10027,1,1,12,60,98,,,,,,,,1
32105,17/08/2009,8,2009,East Village 1 Bedroom apartment,Manhattan,Apartment,95,Entire home/apt,10003,1,1,7,140,95,,,,,,,,1
32169,17/08/2009,8,2009,Greenpoint Loft / Le Chez Andrea,Brooklyn,Apartment,85,Private room,11222,1,1,50,70,85,,,,,,,,1
32169,17/08/2009,8,2009,Loft in Williamsburg Area w/ Roof,Brooklyn,Apartment,80,Private room,11222,1,1,127,70,81,,,,,,,,1
32169,17/08/2009,8,2009,Room in Greenpoint Loft w/ Roof,Brooklyn,Apartment,80,Private room,11222,1,1,88,70,83,,,,,,,,1
32330,18/08/2009,8,2009,E Vill-great studio sleeps 2,Manhattan,Apartment,85,Entire home/apt,10009,1,1,83,130,85,,,,,,,,1
32330,18/08/2009,8,2009,East Vill Garden duplex apt-slps 7,Manhattan,Apartment,90,Entire home/apt,10009,4,1,29,375,94,,,,,,,,1
32330,18/08/2009,8,2009,HUGE-3 bedroom-ENTIRE FLR -slps 6+2,Manhattan,Apartment,80,Entire home/apt,10009,4,1,83,375,84,,,,,,,,1
32330,18/08/2009,8,2009,LARGE-3 bedroom -EAST VILL-slps 6+3,Manhattan,Apartment,75,Entire home/apt,10009,4,1,63,375,79,,,,,,,,1
32330,18/08/2009,8,2009,Manhattan-EVill-sunny studio slps 4,Manhattan,Apartment,80,Entire home/apt,10009,2,1,73,130,84,,,,,,,,1
32294,18/08/2009,8,2009,back room/bunk beds,Manhattan,Apartment,90,Private room,10031,2,1,184,50,90,,,,,,,,1
32294,18/08/2009,8,2009,front room/double bed,Manhattan,Apartment,85,Private room,10031,1,1,179,50,88,,,,,,,,1
32704,19/08/2009,8,2009,LOFT-CentralPrk/TimeSq/TheaterDist1,Manhattan,Loft,85,Private room,10019,1,1,17,192,88,,,,,,,,1
32704,19/08/2009,8,2009,LOFT-CentralPrk/TimeSq/TheaterDist2,Manhattan,Loft,90,Private room,10019,1,1,79,199,92,,,,,,,,1
32800,20/08/2009,8,2009,Spacious&Pretty, heart of Brooklyn,Brooklyn,Apartment,100,Entire home/apt,11216,1,1,1,85,100,,,,,,,1
32774,20/08/2009,8,2009,Consummate 1Bdrm in Cultural Bklyn,Brooklyn,Apartment,85,Entire home/apt,11221,1,1,43,79,88,,,,,,,,1
33405,23/08/2009,8,2009,Summer In Greenpoint! Deal! Enjoy!,Brooklyn,Apartment,90,Entire home/apt,11222,1,1,22,142,93,,,,,,,,1
33279,23/08/2009,8,2009,SPACIOUS ELEVATOR APARTMENT,Manhattan,Apartment,80,Entire home/apt,10002,1,1,42,165,84,,,,,,,,1
33279,23/08/2009,8,2009,"East Village ""Garden Apartment""",Manhattan,Apartment,85,Entire home/apt,10009,1,1,32,150,87,,,,,,,,1
33279,23/08/2009,8,2009,East village Getaway Courtyard 3E,Manhattan,Apartment,85,Entire home/apt,10009,1,1,20,169,85,,,,,,,,1
33279,23/08/2009,8,2009,Heart of the East Village 2E,Manhattan,Apartment,90,Entire home/apt,10009,1,1,10,159,90,,,,,,,,1
33279,23/08/2009,8,2009,HEART OF THE EAST VILLAGE 2W,Manhattan,Apartment,85,Entire home/apt,10009,1,1,43,159,86,,,,,,,,1
33279,23/08/2009,8,2009,Heart of the East Village 4E,Manhattan,Apartment,80,Entire home/apt,10009,2,1,48,169,82,,,,,,,,1
33279,23/08/2009,8,2009,HEART OF THE EAST VILLAGE 4W,Manhattan,Apartment,90,Entire home/apt,10009,1,1,35,169,90,,,,,,,,1
33279,23/08/2009,8,2009,Sunny renovated studio courtyard 3W,Manhattan,Apartment,90,Entire home/apt,10009,1,1,7,179,94,,,,,,,,1
33279,23/08/2009,8,2009,Room in DOORMAN/ELEVATOR LOFT BLDG,Brooklyn,Apartment,80,Private room,11205,1,1,31,89,84,,,,,,,,1
34128,26/08/2009,8,2009,Designer loft in hip Williamsburg,Brooklyn,Apartment,95,Entire home/apt,11211,1,1,21,170,99,,,,,,,,1
35017,30/08/2009,8,2009,Sunny Artistic East Village Apt,Manhattan,Apartment,95,Entire home/apt,10003,1,1,20,160,96,,,,,,,,1
34915,30/08/2009,8,2009,Luxurious 2-Floor Manhattan Mansion,Manhattan,Apartment,,Entire home/apt,10075,2,1,0,1.000,,,,,,,,,1
35271,31/08/2009,8,2009,Manhattan studio Apartment,Manhattan,Apartment,90,Entire home/apt,10021,2,1,31,150,94,,,,,,,,1
35271,31/08/2009,8,2009,Manhattan City 1 Bed Room Apartment,Manhattan,Apartment,60,Entire home/apt,10029,2,1,1,110,60,,,,,,,,1
35271,31/08/2009,8,2009,Manhattan large 1 Bed Rm Apartment,Manhattan,Apartment,80,Entire home/apt,10029,3,1,48,110,84,,,,,,,,1
35271,31/08/2009,8,2009,Upper Eastside Studio Apartment,Manhattan,Apartment,85,Entire home/apt,10065,2,1,46,140,85,,,,,,,,1
35271,31/08/2009,8,2009,PRIVATE Room Time SQ Broadway Area,Manhattan,Apartment,85,Private room,10036,1,1,9,125,87,,,,,,,,1
35377,01/09/2009,9,2009,Live-In Tour Guide Scenic West Side,Manhattan,Apartment,85,Private room,10027,1,1,26,100,88,,,,,,,,1
35935,03/09/2009,9,2009,Large Private B&B Style Studio,Brooklyn,Apartment,90,Entire home/apt,11238,2,1,52,80,92,,,,,,,,1
36017,03/09/2009,9,2009,Roomy 1BR near park, museums, more,Brooklyn,Apartment,80,Entire home/apt,11238,1,1,82,131,83,,,,,,1
35845,03/09/2009,9,2009,Private Apt Sleeps Five,Brooklyn,House,90,Private room,11210,3,1,26,138,90,,,,,,,,1
35935,03/09/2009,9,2009,B & B Room 1,Brooklyn,House,90,Private room,11238,1,1,39,60,94,,,,,,,,1
35935,03/09/2009,9,2009,B and B Style Rooms for Rent w bath,Brooklyn,House,85,Private room,11238,2,1,19,70,86,,,,,,,,1
35935,03/09/2009,9,2009,Large B&B Style rooms,Brooklyn,House,90,Private room,11238,2,1,48,60,93,,,,,,,,1
36841,07/09/2009,9,2009,European garden bed & breakfast,Brooklyn,Apartment,100,Entire home/apt,11233,2,1,1,115,100,,,,,,,,1
36897,07/09/2009,9,2009,Lovely studio for a romantic pair,Manhattan,Apartment,95,Entire home/apt,10002,1,1,20,113,96,,,,,,,,1
37286,09/09/2009,9,2009,Urban oasis! 2 bedrooms w/ 3 patios,Brooklyn,Apartment,90,Entire home/apt,11206,2,1,14,165,93,,,,,,,,1
37286,09/09/2009,9,2009,Private bedroom-rooftop & terrace!,Brooklyn,Apartment,90,Private room,11206,1,1,28,95,91,,,,,,,,1
37809,11/09/2009,9,2009,2BR bright and airy Brownstone,Brooklyn,Apartment,95,Entire home/apt,11231,2,1,8,180,97,,,,,,,,1
38265,13/09/2009,9,2009,Prime Williamsburg Luxury Apartment,Brooklyn,Apartment,90,Entire home/apt,11211,1,1,7,160,91,,,,,,,,1
38434,14/09/2009,9,2009,Modern lovely bright 3BR near park,Brooklyn,Apartment,,Entire home/apt,11225,4,1,1,170,,,,,,,,,1
38513,14/09/2009,9,2009,Spacious Modern  2 Bedroom Suite,Brooklyn,Apartment,85,Entire home/apt,11226,4,1,27,122,85,,,,,,,,1
38648,15/09/2009,9,2009,Spacious Chelsea Sanctuary,Manhattan,Apartment,80,Entire home/apt,10011,2,1,17,329,84,,,,,,,,1
38694,15/09/2009,9,2009,A Room Fit for Two in Williamsburg,Brooklyn,Apartment,,Private room,11211,1,1,0,75,,,,,,,,,1
38649,15/09/2009,9,2009,Central Greenwich Village available,Manhattan,Apartment,90,Private room,10012,1,1,123,101,90,,,,,,,,1
38736,15/09/2009,9,2009,COZY PRIVATE ROOM NEAR TIMES SQUARE,Manhattan,Apartment,90,Private room,10018,1,1,19,130,93,,,,,,,,1
39260,17/09/2009,9,2009,Cozy entire apt. great location,Manhattan,Apartment,95,Entire home/apt,10029,1,1,23,120,95,,,,,,,,1
39636,19/09/2009,9,2009,Brownstone Haven in Clinton Hill,Brooklyn,House,95,Private room,11238,1,1,35,110,95,,,,,,,,1
39866,20/09/2009,9,2009,Beautiful studio/Upper east side.,Manhattan,Apartment,95,Entire home/apt,10028,2,1,10,160,98,,,,,,,,1
39827,20/09/2009,9,2009,Trendy Harlem Luxury,Manhattan,Apartment,,Private room,10026,1,1,0,125,,,,,,,,,1
40275,21/09/2009,9,2009,Spacious Lofty 2BD in Clinton Hill,Brooklyn,Apartment,100,Entire home/apt,11205,4,1,2,135,100,,,,,,,,1
40100,21/09/2009,9,2009,Sm comfy room Central Park/HellsKit,Manhattan,Apartment,95,Private room,10019,1,1,9,89,98,,,,,,,,1
41091,24/09/2009,9,2009,20FT CEILING LIGHT AIRY PENTHOUSE,Brooklyn,Apartment,100,Entire home/apt,11222,2,1,4,475,100,,,,,,,,1
40893,24/09/2009,9,2009,Charming bedroom/office in Brooklyn,Brooklyn,Apartment,,Private room,11215,1,1,0,150,,,,,,,,,1
41091,24/09/2009,9,2009,Penthouse Room w Bath, 20' ceilings,Brooklyn,Apartment,,Private room,11222,1,1,0,300,,,,,,,,1
41249,25/09/2009,9,2009,1-Bedroom Railroad Apartment,Brooklyn,Apartment,,Entire home/apt,11237,2,1,0,55,,,,,,,,,1
41358,26/09/2009,9,2009,Warm and welcoming brownstone home,Brooklyn,Apartment,,Entire home/apt,11205,1,1,0,140,,,,,,,,,1
41437,26/09/2009,9,2009,Fort Greene Lofty Retreat,Brooklyn,Loft,95,Entire home/apt,11205,4,1,48,200,96,,,,,,,,1
42273,29/09/2009,9,2009,Park Slope Green Guest House,Brooklyn,Apartment,95,Entire home/apt,11215,1,1,247,135,98,,,,,,,,1
42032,29/09/2009,9,2009,Light-filled classic Central Park,Manhattan,Apartment,90,Entire home/apt,10025,1,1,41,140,93,,,,,,,,1
42756,01/10/2009,10,2009,Gorgeous Williamsburg 1BR Apartment,Brooklyn,Apartment,95,Entire home/apt,11211,2,1,190,238,96,,,,,,,,1
42756,01/10/2009,10,2009,Roof-Top Room in Williamsburg,Brooklyn,Apartment,95,Entire home/apt,11211,1,1,257,140,95,,,,,,,,1
42756,01/10/2009,10,2009,Charming Carriage House Suite,Brooklyn,House,90,Entire home/apt,11211,1,1,217,165,94,,,,,,,,1
43321,04/10/2009,10,2009,Lovely Bright Williamsburg Apt,Brooklyn,Apartment,100,Entire home/apt,11211,1,1,1,110,100,,,,,,,,1
43671,05/10/2009,10,2009,Your Spacious Home Away From Home!,Brooklyn,Apartment,,Entire home/apt,11201,1,1,1,107,,,,,,,,,1
43772,06/10/2009,10,2009,Bilevel Penthouse: Park, City Views,Brooklyn,Condominium,100,Entire home/apt,11222,2,1,2,272,100,,,,,,,1
44136,07/10/2009,10,2009,HUGE Designer 2 Bdrm Park Slope Apt,Brooklyn,Apartment,95,Entire home/apt,11215,2,1,7,250,97,,,,,,,,1
44145,07/10/2009,10,2009,Cute apt in artist's home,Brooklyn,Apartment,85,Entire home/apt,11237,1,1,85,80,89,,,,,,,,1
44029,07/10/2009,10,2009,Über hip sun drenched Brooklyn pad,Brooklyn,Apartment,100,Private room,11222,1,1,6,80,100,,,,,,,,1
44263,08/10/2009,10,2009,Great deal Lower East Side!!,Manhattan,Apartment,95,Private room,10002,1,1,67,120,98,,,,,,,,1
45016,11/10/2009,10,2009,Stay at The Brooklyn Apartment!,Brooklyn,Apartment,90,Entire home/apt,11216,3,1,103,160,90,,,,,,,,1
45098,11/10/2009,10,2009,Lovely, calm 3 BR on leafy block,Brooklyn,Apartment,80,Entire home/apt,11238,4,1,1,150,80,,,,,,,1
45120,11/10/2009,10,2009,One-Bedroom Apartment on the Bowery,Manhattan,Apartment,80,Entire home/apt,10003,1,1,2,200,80,,,,,,,,1
45445,12/10/2009,10,2009,Country space in the city,Brooklyn,House,,Private room,11226,2,1,0,150,,,,,,,,,1
45324,12/10/2009,10,2009,GREAT ROOM 4 TIGHT WALLETS,Queens,House,60,Private room,11434,1,1,2,42,60,,,,,,,,1
45324,12/10/2009,10,2009,GREAT ROOM. GREAT PRICE.,Queens,House,80,Private room,11434,1,1,1,42,80,,,,,,,,1
45324,12/10/2009,10,2009,NICE ROOM 4 BUDGETEERS*5MINS TO JFK,Queens,House,75,Private room,11434,1,1,6,42,76,,,,,,,,1
45324,12/10/2009,10,2009,ROOM FOR TIGHT WALLETS*5MINS TO JFK,Queens,House,70,Private room,11434,1,1,6,42,72,,,,,,,,1
45324,12/10/2009,10,2009,SPACIOUS BASEMENT ROOM W/ HALF BATH,Queens,House,40,Private room,11434,1,1,1,45,40,,,,,,,,1
45609,13/10/2009,10,2009,Spacious 1BR Apt in Greenpoint,Brooklyn,Apartment,100,Entire home/apt,11222,2,1,12,149,100,,,,,,,,1
45587,13/10/2009,10,2009,Excellent location, gorgeous studio,Manhattan,Apartment,90,Entire home/apt,10011,2,1,11,150,92,,,,,,,1
45682,13/10/2009,10,2009,Beautiful New Garden Apartment,Manhattan,Apartment,95,Entire home/apt,10023,2,1,41,150,98,,,,,,,,1
45775,14/10/2009,10,2009,Charming bedroom in Clinton Hill!!!,Brooklyn,Apartment,90,Private room,11238,1,1,2,69,90,,,,,,,,1
46529,17/10/2009,10,2009,Huge apartment w backyard & hot tub,Brooklyn,Apartment,,Private room,11238,1,1,0,250,,,,,,,,,1
46650,18/10/2009,10,2009,Lovely LOFT in south Williamsburg,Brooklyn,Loft,95,Entire home/apt,11249,1,1,16,192,96,,,,,,,,1
46650,18/10/2009,10,2009,Cute Top Floor West Village Studio,Manhattan,Apartment,90,Entire home/apt,10014,1,1,35,195,93,,,,,,,,1
46969,19/10/2009,10,2009,Cozy 1BR-Country living in NYC!,Staten Island,House,95,Entire home/apt,10304,3,1,40,70,98,,,,,,,,1
46978,19/10/2009,10,2009,ENJOY Downtown NYC!,Manhattan,Apartment,85,Private room,10009,1,1,157,70,85,,,,,,,,1
46978,19/10/2009,10,2009,ENJOY Downtown NYC!!,Manhattan,Apartment,85,Private room,10009,1,1,102,70,88,,,,,,,,1
46978,19/10/2009,10,2009,Enjoy Midtown West & Times Square!!,Manhattan,Apartment,85,Private room,10018,1,1,46,90,89,,,,,,,,1
47691,22/10/2009,10,2009,Perfect SOHO - Little Italy Nest,Manhattan,Apartment,95,Entire home/apt,10013,3,1,29,308,97,,,,,,,,1
47716,22/10/2009,10,2009,$45 L train/ 1 bedroom Brooklyn,Brooklyn,Apartment,85,Private room,,2,1,56,49,85,,,,,,,,1
47618,22/10/2009,10,2009,1bdr w private bath. in lofty apt,Brooklyn,Apartment,100,Private room,11205,1,1,21,126,100,,,,,,,,1
47737,22/10/2009,10,2009,Cozy room in 1820's Brick Wall Apt!,Manhattan,Apartment,70,Private room,10029,1,1,18,120,72,,,,,,,,1
48143,25/10/2009,10,2009,Financial District Retreat 2,Manhattan,Apartment,95,Entire home/apt,10005,1,1,11,235,98,,,,,,,,1
48143,25/10/2009,10,2009,Finanical District Retreat,Manhattan,Apartment,100,Entire home/apt,10005,1,1,3,235,100,,,,,,,,1
48143,25/10/2009,10,2009,Quiet Midtown Studio,Manhattan,Apartment,95,Entire home/apt,10016,1,1,9,235,96,,,,,,,,1
48143,25/10/2009,10,2009,Spring Retreat in Midtown,Manhattan,Apartment,90,Entire home/apt,10016,1,1,2,235,90,,,,,,,,1
48165,25/10/2009,10,2009,Master Suite in Financial District,Manhattan,Apartment,,Private room,10038,1,1,0,125,,,,,,,,,1
48247,26/10/2009,10,2009,BROWNSTONE - 2 BEDROOM APT,Brooklyn,Apartment,90,Entire home/apt,11216,3,1,125,115,91,,,,,,,,1
48599,27/10/2009,10,2009,Quiet Chelsea Studio w/Roof Access,Manhattan,Apartment,95,Entire home/apt,10011,1,1,10,145,98,,,,,,,,1
48599,27/10/2009,10,2009,Beautiful Downtown Manhattan Share,Manhattan,Apartment,90,Shared room,10011,1,1,57,50,94,,,,,,,,1
48957,28/10/2009,10,2009,Artist Oasis in Historic Brownstone,Brooklyn,Apartment,100,Entire home/apt,11215,1,1,2,235,100,,,,,,,,1
49236,28/10/2009,10,2009,amazing  brand new one bed room apt,Manhattan,Apartment,60,Entire home/apt,10075,1,1,24,185,62,,,,,,,,1
49236,28/10/2009,10,2009,any term sublet night week months,Manhattan,Apartment,70,Entire home/apt,10075,1,1,115,185,74,,,,,,,,1
49366,29/10/2009,10,2009,Beautiful Brooklyn Brownstone,Brooklyn,House,95,Entire home/apt,11238,2,1,13,315,98,,,,,,,,1
49623,29/10/2009,10,2009,Artsy East Village/Lower East Side,Manhattan,Apartment,95,Private room,10002,1,1,28,59,98,,,,,,,,1
49875,30/10/2009,10,2009,Large 3 bed house in Rego Park,Queens,House,,Entire home/apt,11374,3,1,0,290,,,,,,,,,1
50148,31/10/2009,10,2009,Charming Brownstone - Near PRATT,Brooklyn,Apartment,80,Entire home/apt,11238,2,1,49,150,84,,,,,,,,1
50148,31/10/2009,10,2009,Charming Brownstone 3- Near PRATT,Brooklyn,Apartment,85,Entire home/apt,11238,2,1,29,150,86,,,,,,,,1
50335,31/10/2009,10,2009,Large East Village 1 BD by Bowery,Manhattan,Apartment,90,Entire home/apt,10003,1,1,5,150,93,,,,,,,,1
50124,31/10/2009,10,2009,1 Stop fr. Manhattan! Private Suite,Queens,Townhouse,95,Private room,11101,2,1,97,120,97,,,,,,,,1
50912,02/11/2009,11,2009,Light and Lively Living Room Space,Brooklyn,Apartment,90,Private room,11238,1,1,7,75,94,,,,,,,,1
51038,03/11/2009,11,2009,large garden triplex apt near PRATT,Brooklyn,Apartment,90,Entire home/apt,11238,1,1,36,248,93,,,,,,,,1
51038,03/11/2009,11,2009,bdrm w/pvt bath, lndmrk brick home,Brooklyn,House,90,Private room,11238,1,1,8,128,91,,,,,,,1
51038,03/11/2009,11,2009,large bedrm in 4flr landmark home,Brooklyn,House,90,Private room,11238,1,1,6,128,92,,,,,,,,1
51038,03/11/2009,11,2009,lrg bedrm historic home 1blk PRATT,Brooklyn,House,85,Private room,11238,2,1,19,128,86,,,,,,,,1
51038,03/11/2009,11,2009,lrg rm triplex landmrk brick house,Brooklyn,House,85,Private room,11238,1,1,8,128,89,,,,,,,,1
51618,05/11/2009,11,2009,Artistic Loft in Midtown w/ View,Manhattan,Apartment,100,Private room,10018,1,1,1,56,100,,,,,,,,1
52034,06/11/2009,11,2009,Minimalist Designer Railroad,Brooklyn,Apartment,,Entire home/apt,11211,1,1,0,120,,,,,,,,,1
52007,06/11/2009,11,2009,Clean/Big/Bright/Affordable Room!,Queens,Apartment,95,Private room,11377,1,1,9,50,96,,,,,,,,1
52233,07/11/2009,11,2009,1 br Williamsburg Brooklyn Condo,,Brooklyn,Apartment,100,Entire home/apt,11211,1,1,4,100,100,,,,,,,1
52263,07/11/2009,11,2009,Modern One-Bedroom in Luxury Bldg,Manhattan,Apartment,90,Entire home/apt,10001,1,1,2,220,90,,,,,,,,1
52335,08/11/2009,11,2009,Fort Greene brownstone,Brooklyn,Apartment,90,Private room,11205,1,1,82,80,94,,,,,,,,1
52751,09/11/2009,11,2009,1br West Village Chelsea Meatpackin,Manhattan,Apartment,90,Entire home/apt,10014,1,1,60,207,91,,,,,,,,1
52788,09/11/2009,11,2009,5th Ave on Central Park Museum Mile,Manhattan,Apartment,90,Entire home/apt,10029,1,1,19,199,94,,,,,,,,1
52677,09/11/2009,11,2009,Columbus Avenue Apartment,Manhattan,Apartment,,Private room,,1,1,0,190,,,,,,,,,1
53024,10/11/2009,11,2009,One family house with 4 bedrooms!!!,Brooklyn,House,85,Entire home/apt,11225,7,1,5,199,85,,,,,,,,1
53132,10/11/2009,11,2009,Brooklyn Loft  08/13 to 09/11,Brooklyn,Loft,85,Entire home/apt,11205,2,1,5,125,87,,,,,,,,1
53179,11/11/2009,11,2009,Large Guest Room for Broolyn Condo,Brooklyn,Condominium,100,Private room,11218,1,1,4,59,100,,,,,,,,1
54090,13/11/2009,11,2009,Amazing Studio Apt in East Village!,Manhattan,Apartment,95,Entire home/apt,10003,1,1,54,145,96,,,,,,,,1
53867,13/11/2009,11,2009,The Chillhouse Experience.,Manhattan,Apartment,,Private room,10027,1,1,0,95,,,,,,,,,1
54255,14/11/2009,11,2009,** Historic Charming Brownstone **,Brooklyn,Apartment,95,Entire home/apt,11233,3,1,24,195,96,,,,,,,,1
54255,14/11/2009,11,2009,Beautiful artistic historic duplex!,Brooklyn,House,,Entire home/apt,11233,4,1,0,225,,,,,,,,,1
54253,14/11/2009,11,2009,Gorgeous Harlem Triplex with Garden,Manhattan,Apartment,,Entire home/apt,10027,2,1,0,450,,,,,,,,,1
54253,14/11/2009,11,2009,Restored carriage house in Harlem,Manhattan,Townhouse,100,Entire home/apt,10027,4,1,1,200,100,,,,,,,,1
54275,14/11/2009,11,2009,Blue Room for 2 +\ bonuses $1350 mo,Brooklyn,House,95,Private room,11216,1,1,56,90,96,,,,,,,,1
54275,14/11/2009,11,2009,Large Purple Room for 2/3, $1450/mo,Brooklyn,House,95,Private room,11216,1,1,23,95,99,,,,,,,1
54275,14/11/2009,11,2009,Red Room with deck for two $1350/mo,Brooklyn,House,95,Private room,11216,1,1,9,85,98,,,,,,,,1
54255,14/11/2009,11,2009,**Private Room Brownstone Beauty!*,Brooklyn,Townhouse,100,Private room,11233,2,1,1,99,100,,,,,,,,1
54622,15/11/2009,11,2009,Amazing view from my both 2BR in NY,Brooklyn,Apartment,100,Private room,11211,1,1,2,150,100,,,,,,,,1
54622,15/11/2009,11,2009,Amazing view from my both 2BR NY,Brooklyn,Apartment,,Private room,11211,1,1,0,150,,,,,,,,,1
54712,16/11/2009,11,2009,Spacious 2 Bedroom + Study,Brooklyn,Apartment,,Entire home/apt,11222,2,1,0,215,,,,,,,,,1
54712,16/11/2009,11,2009,Spacious 2BR Greenpoint Getaway,Brooklyn,Apartment,,Entire home/apt,11222,2,1,0,215,,,,,,,,,1
54833,16/11/2009,11,2009,Charming Chelsea One Bedroom,Manhattan,Apartment,95,Entire home/apt,10011,1,1,8,225,95,,,,,,,,1
55176,17/11/2009,11,2009,It's all about Bushwick BROOKLYN,Brooklyn,Apartment,90,Entire home/apt,11207,2,1,98,125,93,,,,,,,,1
55298,17/11/2009,11,2009,Large W 15th steps to Union Square,Manhattan,Apartment,90,Entire home/apt,10011,2,1,65,180,92,,,,,,,,1
55298,17/11/2009,11,2009,W15th and 6th ave! new one bedroom,Manhattan,Apartment,95,Entire home/apt,10011,1,1,42,150,97,,,,,,,,1
55298,17/11/2009,11,2009,West 15th St steps to Union Square,Manhattan,Apartment,80,Entire home/apt,10011,2,1,90,160,82,,,,,,,,1
55298,17/11/2009,11,2009,LARGE APARTMENT- DOORMAN & VIEWS,Manhattan,Apartment,,Entire home/apt,10019,2,1,0,240,,,,,,,,,1
55298,17/11/2009,11,2009,Central Park Loft- walk anywhere,Manhattan,Apartment,85,Entire home/apt,10024,3,1,20,180,86,,,,,,,,1
55298,17/11/2009,11,2009,Central Park West 2 bedroom,Manhattan,Apartment,75,Entire home/apt,10024,2,1,21,210,79,,,,,,,,1
55021,17/11/2009,11,2009,Bright & Cozy in Great Location,Manhattan,Apartment,95,Private room,10002,1,1,44,120,98,,,,,,,,1
55021,17/11/2009,11,2009,Comfortable room near everything,Manhattan,Apartment,100,Private room,10002,1,1,3,130,100,,,,,,,,1
55021,17/11/2009,11,2009,Large Room with Private Bath,Manhattan,Apartment,95,Private room,10002,1,1,19,125,99,,,,,,,,1
55289,17/11/2009,11,2009,Room & Rooftop in Hells Kitchen!,Manhattan,Apartment,85,Private room,10036,1,1,29,99,88,,,,,,,,1
55458,18/11/2009,11,2009,Gorgeous 2BR Apt with Terrace,Brooklyn,Apartment,90,Entire home/apt,11249,2,1,6,300,90,,,,,,,,1
55469,18/11/2009,11,2009,NYC's Brooklyn's Treehouse Retreat,Brooklyn,House,60,Entire home/apt,11230,4,1,1,385,60,,,,,,,,1
55469,18/11/2009,11,2009,Brooklyn Ditmas Park LUX Garden,Brooklyn,House,100,Private room,11230,1,1,5,145,100,,,,,,,,1
55469,18/11/2009,11,2009,Brooklyn, Ditmas Park, The Roost,Brooklyn,House,95,Private room,11230,1,1,6,135,97,,,,,,1
55469,18/11/2009,11,2009,NYC's Brooklyn Honey Nest Victorian,Brooklyn,House,100,Private room,11230,1,1,3,135,100,,,,,,,,1
55421,18/11/2009,11,2009,Ft.Tryon beauty near Columbia Univ.,Manhattan,Apartment,100,Private room,10033,2,1,2,150,100,,,,,,,,1
55775,19/11/2009,11,2009,Serene, Modern Cobble Hill Studio,Brooklyn,Apartment,95,Entire home/apt,11201,1,1,56,150,97,,,,,,,1
56104,20/11/2009,11,2009,* BROOKLYN FACTORY LOFT *,Brooklyn,Apartment,95,Entire home/apt,11206,2,1,33,190,96,,,,,,,,1
56246,21/11/2009,11,2009,Greenpoint Place...Has It All!,Brooklyn,Apartment,95,Entire home/apt,11222,2,1,51,149,95,,,,,,,,1
56284,21/11/2009,11,2009,Beautiful Apartment in Manhattan!!!,Manhattan,Apartment,100,Entire home/apt,10010,1,1,4,200,100,,,,,,,,1
56326,21/11/2009,11,2009,2 bedroom apt, 15 min to Times Sq.,Manhattan,Apartment,90,Entire home/apt,10027,2,1,6,200,90,,,,,,,1
56512,22/11/2009,11,2009,Williamsburg 1 bedroom Apartment,Brooklyn,Apartment,95,Entire home/apt,11211,1,1,57,170,98,,,,,,,,1
56663,22/11/2009,11,2009,2500 sqf Chelsea Luxury Loft,Manhattan,Apartment,90,Entire home/apt,10001,4,1,25,445,90,,,,,,,,1
56471,22/11/2009,11,2009,PRIME East Village 1 BR APARTMENT!,Manhattan,Apartment,75,Entire home/apt,10009,1,1,100,135,78,,,,,,,,1
56653,22/11/2009,11,2009,Private bedroom in Manhattan,Manhattan,Apartment,90,Private room,10027,1,1,37,74,93,,,,,,,,1
56990,23/11/2009,11,2009,Large 1 bedroom BK Museum,Brooklyn,Apartment,,Entire home/apt,11225,1,1,0,125,,,,,,,,,1
56944,23/11/2009,11,2009,2 bedroom apartment  in Manhattan,Manhattan,Apartment,80,Entire home/apt,10010,2,1,14,99,82,,,,,,,,1
56944,23/11/2009,11,2009,Your Manhattan House, Gramercy Park,Manhattan,Apartment,80,Entire home/apt,10010,2,1,63,129,82,,,,,,,1
56944,23/11/2009,11,2009,Cute room in Gramercy,Manhattan,Apartment,85,Private room,10010,1,1,34,59,85,,,,,,,,1
56944,23/11/2009,11,2009,Midtown East catch!!!!,Manhattan,Apartment,95,Private room,10010,1,1,13,79,96,,,,,,,,1
57101,24/11/2009,11,2009,Rockaway Beach Paradise Apartment,Queens,Apartment,90,Entire home/apt,11693,2,1,8,160,90,,,,,,,,1
57101,24/11/2009,11,2009,Restored Bungalow of Rockaway Beach,Queens,House,95,Entire home/apt,11693,2,1,19,160,96,,,,,,,,1
57406,25/11/2009,11,2009,Open artist loft close to Manhattan,Brooklyn,Apartment,95,Entire home/apt,11206,2,1,24,165,96,,,,,,,,1
57574,25/11/2009,11,2009,Modern 1br loft apt in Williamsburg,Brooklyn,Apartment,95,Entire home/apt,11211,1,1,10,195,98,,,,,,,,1
57877,26/11/2009,11,2009,Cozy studio close to Union Square,Manhattan,Apartment,85,Entire home/apt,10011,1,1,27,160,89,,,,,,,,1
57877,26/11/2009,11,2009,Garden studio in Union Square,Manhattan,Apartment,90,Entire home/apt,10011,2,1,6,220,93,,,,,,,,1
57877,26/11/2009,11,2009,Lovely 1 bedroom apartment,Manhattan,Apartment,,Entire home/apt,10018,1,1,0,180,,,,,,,,,1
57877,26/11/2009,11,2009,Luxury studio close to time square,Manhattan,Apartment,100,Entire home/apt,10019,1,1,1,180,100,,,,,,,,1
58366,29/11/2009,11,2009,Lincoln Center  luxury condo,,Manhattan,Apartment,90,Entire home/apt,,1,1,37,280,93,,,,,,,1
58546,29/11/2009,11,2009,Beautiful Brownstone near the Park,Manhattan,Apartment,,Entire home/apt,10025,1,1,0,130,,,,,,,,,1
58745,30/11/2009,11,2009,Bed-Stuy DIY. What's mine is yours.,Brooklyn,Apartment,90,Entire home/apt,11221,4,1,73,136,90,,,,,,,,1
58702,30/11/2009,11,2009,Chic and cozy studio - Theatre dist,Manhattan,Apartment,90,Entire home/apt,10019,3,1,107,150,91,,,,,,,,1
59185,01/12/2009,12,2009,Located in the heart of EVERYTHING!,Manhattan,Apartment,90,Entire home/apt,10065,3,1,5,247,92,,,,,,,,1
59254,01/12/2009,12,2009,Fully furnished 1br upper east side,Manhattan,Apartment,75,Entire home/apt,10075,2,1,50,149,76,,,,,,,,1
59028,01/12/2009,12,2009,Modern Sunny Queer Friendly Loft,Brooklyn,Apartment,95,Private room,11206,1,1,40,72,97,,,,,,,,1
58979,01/12/2009,12,2009,Bright and Cheery Chelsea Studio,Manhattan,,95,Private room,10011,1,1,28,165,98,,,,,,,,1
59023,01/12/2009,12,2009,Lower East Side room!,Manhattan,Apartment,95,Private room,10002,1,1,14,110,96,,,,,,,,1
59172,01/12/2009,12,2009,Big Room in front of Central Park,Manhattan,Apartment,90,Private room,10026,1,1,2,118,90,,,,,,,,1
59172,01/12/2009,12,2009,Nice Room in Front of Central Park,Manhattan,Apartment,90,Private room,10026,1,1,4,89,90,,,,,,,,1
59172,01/12/2009,12,2009,Nice Room in Front of Central Park,Manhattan,Apartment,100,Private room,10026,1,1,8,110,100,,,,,,,,1
59172,01/12/2009,12,2009,Nice and Clean Room w/Bike included,Manhattan,Apartment,85,Private room,10030,1,1,16,79,86,,,,,,,,1
59172,01/12/2009,12,2009,Nice Room 3 Stops from Central Park,Manhattan,Apartment,80,Private room,10030,1,1,5,77,84,,,,,,,,1
59172,01/12/2009,12,2009,Room 3 Stops from Central Park,Manhattan,Apartment,75,Private room,10030,1,1,9,76,78,,,,,,,,1
59172,01/12/2009,12,2009,Private Room 1 block to CentralPark,Manhattan,Dorm,85,Private room,10026,1,1,11,90,89,,,,,,,,1
59777,03/12/2009,12,2009,Charming 2 Full Bath 3 Bed Suite,Brooklyn,Apartment,90,Entire home/apt,11221,6,1,7,207,90,,,,,,,,1
59734,03/12/2009,12,2009,COZY STUDIO IN TIMES SQUARE!,Manhattan,Apartment,90,Entire home/apt,10019,1,1,17,139,94,,,,,,,,1
59734,03/12/2009,12,2009,TIMES SQUARE THE PLACE YOU WANNA BE,Manhattan,Apartment,90,Entire home/apt,10019,1,1,114,109,94,,,,,,,,1
59777,03/12/2009,12,2009,Sleep at the CozySuite Pinacle,Brooklyn,Apartment,90,Private room,11221,2,1,5,59,93,,,,,,,,1
59777,03/12/2009,12,2009,Sleep at the CozySuite Sanctuary,Brooklyn,Apartment,75,Private room,11221,1,1,13,59,79,,,,,,,,1
59777,03/12/2009,12,2009,Sleep by Night at CozySuite Chambre,Brooklyn,Apartment,80,Private room,11221,2,1,4,69,80,,,,,,,,1
59777,03/12/2009,12,2009,Stay at the CozySuite Citadelle,Brooklyn,Apartment,75,Private room,11221,2,1,21,69,79,,,,,,,,1
59777,03/12/2009,12,2009,Stay at the CozySuite Fortress,Brooklyn,Apartment,80,Private room,11221,2,1,22,59,80,,,,,,,,1
59777,03/12/2009,12,2009,Stay at the CozySuite Meridian,Brooklyn,Apartment,80,Private room,11221,2,1,2,59,80,,,,,,,,1
59734,03/12/2009,12,2009,Best Location in NYC! TIMES SQUARE!,Manhattan,Apartment,90,Private room,10018,1,1,116,69,94,,,,,,,,1
59734,03/12/2009,12,2009,Times Square, Safe, Clean and Cozy!,Manhattan,Apartment,90,Private room,10018,1,1,165,59,92,,,,,,1
60038,04/12/2009,12,2009,Luxury 1 Bedroom Downtown Brooklyn,Brooklyn,Apartment,,Entire home/apt,11201,1,1,0,145,,,,,,,,,1
60046,04/12/2009,12,2009,Inviting, Modern 1 Bedroom in Dumbo,Brooklyn,Apartment,,Entire home/apt,11201,1,1,0,240,,,,,,,,1
60049,04/12/2009,12,2009,Luxury Apt w Doorman/Elevators/Gym,Manhattan,Apartment,90,Entire home/apt,10002,2,1,8,175,94,,,,,,,,1
60252,05/12/2009,12,2009,Very, very cozy place,Brooklyn,Apartment,95,Private room,11211,1,1,15,100,95,,,,,,,1
60185,05/12/2009,12,2009,Quiet gorgeous bedroom Midtown West,Manhattan,Apartment,,Private room,10019,1,1,1,200,,,,,,,,,1
60270,05/12/2009,12,2009,Room near Central Park and Museums,Manhattan,Apartment,90,Private room,10028,1,1,19,92,91,,,,,,,,1
60584,06/12/2009,12,2009,Tons of light! 1 bedroom,Manhattan,Apartment,100,Entire home/apt,10031,1,1,4,120,100,,,,,,,,1
60584,06/12/2009,12,2009,Tons of light! peaceful NYC,Manhattan,Apartment,95,Private room,10031,1,1,12,95,99,,,,,,,,1
60787,07/12/2009,12,2009,2 room suite in quiet brownstone,Brooklyn,Apartment,95,Entire home/apt,11233,2,1,20,110,96,,,,,,,,1
60787,07/12/2009,12,2009,Large 2 BR apt in quiet brownstone,Brooklyn,Apartment,90,Entire home/apt,11233,3,1,51,100,92,,,,,,,,1
60885,07/12/2009,12,2009,Spacious and charming apartment!,Brooklyn,Apartment,95,Entire home/apt,11237,2,1,39,135,95,,,,,,,,1
60944,07/12/2009,12,2009,Alcove Studio West Village DrmnBldg,Manhattan,Apartment,,Entire home/apt,,1,1,0,198,,,,,,,,,1
60923,07/12/2009,12,2009,Chelsea studio with balcony & views,Manhattan,Apartment,90,Entire home/apt,10001,1,1,11,205,93,,,,,,,,1
60810,07/12/2009,12,2009,Bedroom-luxury building, Bushwick,Brooklyn,Apartment,100,Private room,11221,1,1,4,75,100,,,,,,,1
60810,07/12/2009,12,2009,cozy, charming nest in LES,Manhattan,Apartment,85,Private room,10002,1,1,43,90,86,,,,,,,1
